Name,language,CreatedAt
material-design-icons,"",2014-10-08T18:01:28Z
guava,Java,2014-05-29T16:23:17Z
material-design-lite,HTML,2015-01-14T22:01:33Z
styleguide,HTML,2015-05-20T19:18:59Z
leveldb,C++,2014-08-27T21:17:52Z
iosched,Kotlin,2014-04-01T22:40:40Z
googletest,C++,2015-07-28T15:07:53Z
gson,Java,2015-03-19T18:21:20Z
web-starter-kit,HTML,2014-04-07T08:45:18Z
python-fire,Python,2017-02-21T21:35:07Z
ExoPlayer,Java,2014-06-13T21:19:18Z
flexbox-layout,Kotlin,2016-05-04T08:11:22Z
eng-practices,"",2019-09-04T20:47:01Z
flatbuffers,C++,2014-05-19T18:33:01Z
fonts,HTML,2015-02-11T23:34:54Z
deepdream,"",2015-07-01T15:00:58Z
guetzli,C++,2016-10-21T15:13:18Z
WebFundamentals,HTML,2014-04-28T18:45:45Z
libphonenumber,C++,2014-12-03T18:02:17Z
cadvisor,Go,2014-06-09T16:36:33Z
yapf,Python,2015-03-18T18:22:31Z
tink,Java,2014-06-06T16:21:09Z
jax,Python,2018-10-25T21:25:02Z
gvisor,Go,2018-04-26T21:28:49Z
mediapipe,C++,2019-06-13T19:16:41Z
filament,C++,2018-08-03T17:26:00Z
grumpy,Go,2016-12-21T17:49:01Z
guice,Java,2014-05-28T23:18:53Z
brotli,C,2014-10-09T14:35:14Z
dopamine,Jupyter Notebook,2018-07-26T09:58:36Z
auto,Java,2013-05-22T21:41:56Z
blockly,JavaScript,2013-10-25T21:13:33Z
traceur-compiler,JavaScript,2013-03-27T18:05:40Z
go-cloud,Go,2018-03-21T22:57:26Z
agera,Java,2015-12-17T13:22:58Z
go-github,Go,2013-05-24T16:42:58Z
flutter-desktop-embedding,C++,2018-02-14T00:41:16Z
tsunami-security-scanner,Java,2020-06-03T16:20:00Z
android-classyshark,Java,2015-10-12T13:40:48Z
lovefield,JavaScript,2014-09-30T18:29:14Z
or-tools,C++,2015-02-21T01:25:35Z
sanitizers,Python,2014-09-03T23:49:51Z
physical-web,Java,2014-09-30T18:32:14Z
closure-compiler,Java,2014-04-16T15:30:36Z
oss-fuzz,Shell,2016-07-20T19:39:50Z
j2objc,Java,2014-01-30T20:19:56Z
trax,Python,2019-10-05T15:09:14Z
error-prone,Java,2014-08-21T23:26:50Z
re2,C++,2014-08-18T21:21:26Z
seq2seq,Python,2017-03-02T22:49:20Z
EarlGrey,Objective-C,2016-02-04T17:55:29Z
seesaw,Go,2015-12-04T07:49:07Z
ios-webkit-debug-proxy,C,2013-02-12T19:08:19Z
benchmark,C++,2013-12-12T00:10:48Z
grafika,Java,2013-12-19T18:36:53Z
wire,Go,2018-11-28T17:34:51Z
gumbo-parser,HTML,2013-08-02T18:33:38Z
battery-historian,Go,2014-06-20T21:28:26Z
cameraview,Java,2016-08-04T05:22:14Z
sentencepiece,C++,2017-03-07T10:03:48Z
gops,Go,2016-11-10T23:49:31Z
skia,C++,2014-01-09T17:09:57Z
shaka-player,JavaScript,2014-12-19T21:12:18Z
bbr,"",2016-10-14T20:01:38Z
jsonnet,Jsonnet,2014-08-01T20:29:12Z
snappy,C++,2014-03-03T21:58:09Z
gxui,Go,2015-03-16T17:12:37Z
clusterfuzz,Python,2019-01-29T00:19:40Z
google-authenticator,Java,2014-10-08T17:54:27Z
glog,C++,2015-02-23T06:55:48Z
git-appraise,Go,2015-08-21T21:30:23Z
liquidfun,C++,2013-11-26T18:20:10Z
pprof,Go,2016-01-29T01:52:07Z
end-to-end,JavaScript,2014-10-07T20:39:09Z
diff-match-patch,Python,2018-01-23T19:42:02Z
draco,C++,2016-12-05T20:14:02Z
closure-library,JavaScript,2013-08-16T21:54:05Z
gopacket,Go,2015-03-16T20:46:00Z
tamperchrome,JavaScript,2017-04-20T18:00:37Z
grr,Python,2013-12-04T00:17:53Z
google-java-format,Java,2015-05-11T20:38:28Z
automl,Jupyter Notebook,2020-03-12T03:52:47Z
promises,Objective-C,2018-01-19T02:50:16Z
santa,Objective-C,2014-10-09T21:18:31Z
incremental-dom,TypeScript,2015-06-11T20:15:03Z
lmctfy,C++,2013-09-16T16:28:53Z
bottery,JavaScript,2017-10-30T16:52:04Z
syzkaller,Go,2015-10-12T06:05:05Z
open-location-code,Java,2014-09-30T18:26:35Z
rejoiner,Java,2017-12-06T19:09:53Z
robotstxt,C++,2019-06-11T17:30:19Z
pytype,Python,2015-03-18T20:52:08Z
data-transfer-project,Java,2018-01-04T21:27:57Z
bloaty,C++,2016-11-07T17:04:01Z
gts,TypeScript,2017-07-31T20:32:29Z
recaptcha,PHP,2014-09-30T18:30:39Z
eddystone,C,2015-06-26T10:58:02Z
netstack,Go,2016-10-20T16:25:04Z
volley,Java,2017-01-24T17:39:33Z
zopfli,C++,2015-03-09T10:32:36Z
lisp-koans,Common Lisp,2013-05-15T04:07:12Z
eleventy-high-performance-blog,JavaScript,2020-09-04T08:16:00Z
binnavi,Java,2015-08-19T12:20:24Z
clasp,TypeScript,2017-12-05T00:34:56Z
nogotofail,Python,2014-10-29T20:50:54Z
gif-for-cli,Python,2018-06-14T15:11:45Z
mtail,Go,2014-05-27T23:46:16Z
tracing-framework,JavaScript,2012-11-08T19:32:53Z
hover,Java,2015-12-14T02:43:42Z
codesearch,Go,2015-03-30T16:43:14Z
enjarify,Python,2015-06-03T17:34:19Z
trillian,Go,2016-05-12T15:37:35Z
model-viewer,TypeScript,2018-10-18T16:05:16Z
ko,Go,2019-03-21T19:24:01Z
oboe,C++,2017-10-02T17:56:48Z
uuid,Go,2016-02-12T22:17:59Z
earthenterprise,C++,2017-03-20T21:40:53Z
wycheproof,Java,2016-11-08T20:56:25Z
truth,Java,2011-06-22T18:55:12Z
btree,Go,2014-07-31T17:56:24Z
deepvariant,Python,2017-11-23T01:56:22Z
tangent,Python,2017-10-26T20:02:46Z
honggfuzz,C,2015-05-07T15:43:01Z
go-cmp,Go,2017-07-07T19:28:22Z
google-ctf,Go,2018-04-27T15:56:03Z
differential-privacy,Go,2019-09-04T13:04:15Z
charts,Dart,2018-03-09T08:17:44Z
santa-tracker-android,Java,2015-03-23T23:58:50Z
youtube-8m,Python,2016-12-20T21:49:38Z
wuffs,C,2017-11-13T00:44:45Z
exposure-notifications-server,Go,2020-04-29T23:03:36Z
jimfs,Java,2013-10-21T14:39:27Z
angle,C++,2014-08-26T14:59:07Z
bundletool,Java,2018-05-04T07:24:09Z
OpenSK,Rust,2019-12-17T18:55:43Z
closure-compiler-js,JavaScript,2016-07-15T00:06:21Z
sling,C++,2017-04-25T10:47:40Z
evcxr,Rust,2018-09-25T10:19:22Z
cpu_features,C,2018-01-31T13:44:50Z
gapid,Go,2017-02-14T11:18:43Z
rekall,Python,2014-05-16T17:22:51Z
mathsteps,JavaScript,2016-11-21T15:58:00Z
latexify_py,Python,2020-07-25T12:50:56Z
compare_gan,Python,2018-02-20T19:55:50Z
google-api-javascript-client,CSS,2014-12-11T05:39:35Z
tcmalloc,C++,2019-08-23T14:02:59Z
nsjail,C++,2015-05-14T21:42:10Z
butteraugli,C++,2016-02-04T13:13:40Z
tarpc,Rust,2016-02-11T01:07:24Z
novm,Go,2014-08-20T15:33:17Z
AFL,C,2019-07-25T16:50:06Z
periph,Go,2016-10-13T16:53:51Z
pyringe,Python,2014-03-26T16:13:48Z
stenographer,Go,2014-10-13T21:26:23Z
keytransparency,Go,2015-06-09T23:55:20Z
fuzzing,C++,2019-04-16T20:35:13Z
breakpad,C++,2016-02-29T16:14:14Z
nomulus,Java,2016-02-29T20:16:48Z
fruit,C++,2014-06-16T20:43:26Z
timesketch,Python,2014-06-19T17:49:45Z
martian,Go,2015-06-16T22:54:05Z
aiyprojects-raspbian,Python,2017-04-20T16:49:05Z
TensorNetwork,Python,2019-04-25T20:38:13Z
ngx_brotli,C,2015-10-09T22:16:03Z
eslint-config-google,JavaScript,2015-11-02T12:58:29Z
orbit,C++,2017-09-21T14:28:35Z
skywater-pdk,Python,2020-05-06T23:06:58Z
tf-quant-finance,Python,2019-07-24T16:09:50Z
ion,C++,2016-01-25T23:13:46Z
souper,C++,2014-04-05T02:09:09Z
zetasql,C++,2019-04-16T17:43:46Z
earthengine-api,JavaScript,2015-04-22T00:36:55Z
gemmlowp,C++,2015-07-06T21:15:00Z
flax,Python,2020-01-10T09:48:37Z
python-adb,Python,2014-07-01T23:00:56Z
google-authenticator-android,Java,2014-10-08T17:54:05Z
uis-rnn,Python,2018-10-23T08:13:24Z
s2geometry,C++,2015-11-16T17:41:03Z
neural-tangents,Jupyter Notebook,2019-04-08T16:48:48Z
marzipano,JavaScript,2016-02-29T18:28:26Z
prettytensor,Python,2015-11-02T18:19:46Z
flogger,Java,2018-04-12T16:52:52Z
sandboxed-api,C++,2019-03-07T09:30:45Z
cloudprober,Go,2017-06-01T22:53:40Z
pinject,Python,2013-06-20T23:46:50Z
schism,Scheme,2018-02-28T17:46:21Z
CausalImpact,R,2014-08-08T17:16:13Z
haskell-trainings,Haskell,2019-01-23T10:10:14Z
omaha,C++,2015-06-30T00:49:42Z
go-querystring,Go,2013-09-10T19:26:51Z
spatial-media,Python,2015-02-11T23:19:50Z
firing-range,Java,2014-09-17T16:22:46Z
starlark-go,Go,2018-10-23T14:35:50Z
skylark,Go,2017-10-02T14:05:01Z
protobuf-gradle-plugin,Groovy,2015-04-13T17:06:00Z
skicka,Go,2014-08-14T23:28:35Z
proto-quic,"",2016-04-01T20:50:11Z
jsonapi,Go,2015-07-06T17:40:39Z
live-transcribe-speech-engine,Java,2019-08-08T21:15:19Z
fuzzer-test-suite,C,2016-10-07T05:32:34Z
codeworld,Haskell,2014-06-19T21:56:15Z
sg2im,Python,2018-06-29T16:32:17Z
swiftshader,C++,2016-06-30T09:25:24Z
zoekt,Go,2016-04-29T16:46:16Z
google-authenticator-libpam,C,2016-11-08T21:07:24Z
keyczar,"",2015-03-07T21:41:04Z
gin-config,Python,2018-06-27T20:21:12Z
wwwbasic,JavaScript,2018-07-17T04:57:29Z
caja,Java,2015-04-16T01:15:16Z
highwayhash,C++,2016-02-17T16:29:40Z
mathfu,C++,2014-09-24T21:12:41Z
lullaby,C++,2017-06-08T21:04:19Z
shaka-packager,C++,2014-04-21T17:34:50Z
glazier,Python,2017-01-23T15:30:21Z
crfs,Go,2019-03-22T22:19:22Z
copybara,Java,2016-09-08T16:44:40Z
marl,C++,2019-09-03T17:58:20Z
UIforETW,C++,2015-04-09T21:46:04Z
makani,C++,2020-05-18T18:13:25Z
mundane,Rust,2018-10-02T20:32:44Z
blockly-games,JavaScript,2014-08-25T16:09:42Z
docsy,HTML,2018-10-15T20:59:47Z
nixery,Go,2019-07-29T19:39:48Z
shaderc,C++,2015-08-06T01:17:42Z
site-kit-wp,JavaScript,2019-06-11T14:20:21Z
budou,Python,2016-09-05T05:21:04Z
android-emulator-container-scripts,Python,2019-08-14T14:22:50Z
gofuzz,Go,2014-07-31T16:21:29Z
security-research-pocs,C++,2017-04-21T13:38:40Z
json_serializable.dart,Dart,2017-07-18T20:48:49Z
badwolf,Go,2015-08-08T03:21:52Z
jsaction,JavaScript,2014-05-12T21:53:24Z
boringssl,C,2016-03-05T00:45:11Z
re2j,Java,2015-02-18T00:20:25Z
google-toolbox-for-mac,Objective-C,2015-04-21T21:43:36Z
mr4c,Java,2015-02-17T23:23:31Z
autocxx,Rust,2020-08-13T05:16:10Z
inception,"",2015-09-13T03:23:51Z
conscrypt,Java,2016-12-12T17:24:18Z
ssl_logger,Python,2017-06-29T15:17:05Z
vim-codefmt,Vim script,2015-01-20T19:16:44Z
clif,C++,2017-04-17T23:36:06Z
adb-sync,Python,2014-08-25T16:18:51Z
brain-tokyo-workshop,Python,2019-07-10T06:47:40Z
inject.dart,Dart,2018-03-13T16:04:28Z
cel-spec,Go,2017-09-04T18:33:35Z
gcm,Java,2015-03-17T21:36:56Z
rowhammer-test,C++,2015-01-06T22:43:39Z
flutter-provide,Dart,2019-02-14T22:36:19Z
go-jsonnet,Go,2016-02-19T01:07:55Z
logger,Go,2016-02-23T17:00:59Z
go-containerregistry,Go,2018-03-14T18:02:49Z
asylo,C++,2018-04-25T16:43:56Z
mozc,C++,2015-04-22T07:50:05Z
gnostic,Go,2016-11-15T19:21:53Z
double-conversion,C++,2014-10-18T12:48:15Z
argh,Rust,2020-01-30T20:19:33Z
android-gradle-dsl,HTML,2015-08-07T09:05:13Z
woff2,C++,2014-10-09T14:34:43Z
android-arscblamer,Java,2016-04-11T17:40:36Z
textfsm,Python,2015-06-23T00:41:41Z
cloud-print-connector,Go,2015-03-04T04:41:38Z
certificate-transparency,C++,2014-05-20T17:03:47Z
mozc-devices,Python,2015-03-25T02:36:00Z
macops,Python,2014-08-18T17:28:05Z
pik,C++,2017-07-24T08:16:27Z
j2cl,Java,2017-06-20T09:53:52Z
emoji-scavenger-hunt,TypeScript,2018-03-22T17:39:48Z
ringdroid,Java,2015-02-24T23:19:57Z
namebench,Go,2012-11-14T20:56:13Z
rappor,R,2014-10-16T20:05:27Z
google-api-java-client-samples,Java,2015-01-23T19:25:37Z
active-learning,Python,2017-10-06T17:02:13Z
vsaq,JavaScript,2016-01-25T17:24:47Z
XNNPACK,C,2019-09-13T23:48:37Z
cityhash,Shell,2015-08-14T21:08:16Z
ioweb2015,JavaScript,2014-12-01T17:49:09Z
built_value.dart,Dart,2015-07-15T07:54:17Z
FluidNet,Lua,2016-11-21T18:33:10Z
cmockery,Shell,2015-12-08T17:55:32Z
caliper,Java,2015-05-19T15:28:40Z
rerast,Rust,2017-10-31T07:14:09Z
kati,C++,2015-07-03T19:14:40Z
cel-go,Go,2018-03-09T22:57:58Z
quiver-dart,Dart,2013-08-14T19:13:01Z
nucleus,C++,2018-03-26T17:58:07Z
pygtrie,Python,2014-02-03T16:51:11Z
swift-benchmark,Swift,2020-05-08T14:18:30Z
brunsli,C++,2019-03-13T19:34:04Z
atheris,C++,2020-11-16T22:43:28Z
blockly-android,Java,2016-02-08T18:58:47Z
github-issue-mover,Dart,2014-10-13T21:09:08Z
transitfeed,Python,2014-09-15T15:16:32Z
module-server,JavaScript,2012-10-05T16:52:55Z
flutter.widgets,Dart,2018-02-26T05:19:26Z
ktsan,C,2014-08-04T21:26:17Z
fuzzbench,Python,2020-02-04T02:22:18Z
tsunami-security-scanner-plugins,Java,2020-06-04T15:19:25Z
nftables,Go,2018-06-05T09:37:20Z
vim-maktaba,Vim script,2013-12-05T21:59:43Z
eng-edu,Jupyter Notebook,2017-02-07T19:26:27Z
xsecurelock,C,2014-06-20T14:55:28Z
recki-ct,PHP,2014-08-29T18:46:29Z
startup-os,Java,2018-02-23T09:48:29Z
iree,C++,2019-09-12T20:57:39Z
binexport,C++,2015-09-02T22:49:39Z
objax,Python,2020-08-20T06:20:40Z
neuroglancer,TypeScript,2016-05-27T02:37:25Z
private-join-and-compute,C++,2019-06-19T11:23:57Z
search-samples,Java,2014-10-31T16:51:02Z
compile-testing,Java,2013-08-26T21:30:13Z
palette.js,JavaScript,2014-03-26T15:39:13Z
swift-jupyter,Python,2018-07-13T00:06:13Z
flatui,C++,2015-11-18T02:55:27Z
u2f-ref-code,JavaScript,2014-06-06T23:56:59Z
subcommands,Go,2016-02-23T17:02:31Z
google-api-objectivec-client-for-rest,Objective-C,2016-04-28T12:54:23Z
easypki,Go,2015-10-08T13:04:02Z
packetdrill,C,2015-03-30T16:24:02Z
ioweb2016,HTML,2016-01-14T06:05:46Z
goexpect,Go,2017-04-24T02:11:39Z
vulncode-db,Python,2019-03-05T11:47:04Z
fscrypt,Go,2017-07-12T17:52:15Z
fhir,C++,2018-01-10T04:54:52Z
hdrnet,Python,2016-09-12T17:49:01Z
tacotron,HTML,2017-03-20T16:26:36Z
exposure-notifications-android,Java,2020-05-04T15:30:21Z
svcca,Jupyter Notebook,2017-11-07T02:56:49Z
cluster-data,TeX,2015-07-29T17:52:23Z
trace-viewer,"",2014-09-09T17:49:03Z
capirca,Python,2015-08-04T17:25:11Z
farmhash,C++,2015-08-14T21:01:50Z
closure-templates,Java,2014-04-16T15:31:58Z
santa-tracker-web,JavaScript,2015-10-12T04:15:07Z
libaddressinput,C++,2014-08-29T18:41:32Z
samba-documents-provider,Java,2017-06-19T17:23:47Z
rustcxx,Rust,2016-09-16T22:20:38Z
personfinder,Python,2014-10-17T17:36:25Z
subpar,Python,2016-08-03T20:11:35Z
xls,C++,2020-05-07T21:38:30Z
web-stories-wp,JavaScript,2020-01-21T20:30:33Z
coding-with-chrome,JavaScript,2015-11-30T12:29:05Z
latency-benchmark,C,2013-04-27T00:45:42Z
shenzhen-go,JavaScript,2017-01-03T03:20:35Z
renameio,Go,2018-10-30T14:23:09Z
capillary,Java,2018-05-29T17:47:21Z
graphicsfuzz,Java,2018-09-24T16:31:05Z
safeside,C++,2019-08-28T17:43:57Z
pienoon,C++,2014-11-04T17:37:06Z
turbinia,Python,2015-09-15T16:50:40Z
knusperli,C++,2018-03-08T10:06:34Z
libnop,C++,2018-01-22T18:03:27Z
gousb,Go,2017-05-05T16:33:20Z
archive-patcher,Java,2015-04-13T20:47:49Z
gps-measurement-tools,Java,2016-09-03T01:06:41Z
cctz,C++,2015-09-14T14:42:18Z
ijaas,Java,2017-11-16T15:32:15Z
gdata-python-client,HTML,2014-12-18T21:42:15Z
graphd,C,2018-09-07T19:26:16Z
intermock,TypeScript,2019-01-15T21:49:16Z
upvote,Python,2017-10-24T15:23:16Z
schedviz,Go,2019-07-24T20:18:11Z
snappy-start,C,2015-06-30T17:52:56Z
mobly,Python,2016-11-07T17:45:31Z
adiantum,C++,2018-08-02T17:59:27Z
uribeacon,"",2014-09-26T16:44:12Z
tf_mesh_renderer,Python,2018-01-04T21:48:05Z
clojure-turtle,Clojure,2015-06-13T03:32:54Z
riscv-dv,SystemVerilog,2019-01-23T07:47:20Z
mannequinchallenge,Python,2019-05-24T15:56:59Z
gitiles,Java,2016-11-29T19:41:22Z
allocation-instrumenter,Java,2015-02-12T00:29:58Z
go-microservice-helpers,Go,2017-05-24T18:37:24Z
googlemock,"",2015-08-24T22:38:21Z
beacon-platform,"",2014-12-17T16:33:33Z
MOE,Java,2015-05-10T05:38:36Z
walt,Java,2016-02-26T19:41:21Z
edward2,Jupyter Notebook,2019-08-07T18:01:40Z
jax-md,Jupyter Notebook,2019-05-13T21:03:37Z
s2-geometry-library-java,Java,2015-09-25T18:53:24Z
oauth2l,Go,2016-03-31T06:18:20Z
tie,JavaScript,2017-02-09T22:11:24Z
acme,Go,2015-11-18T14:14:40Z
blockly-ios,Swift,2016-02-08T19:02:27Z
proto-lens,Haskell,2016-05-03T18:35:31Z
openrtb,Java,2014-07-02T17:05:55Z
clspv,C,2017-07-12T14:54:18Z
perfetto,C++,2019-12-10T10:32:44Z
flutter_flux,Dart,2016-06-21T00:58:40Z
gitprotocolio,Go,2018-06-19T22:13:44Z
triage-party,Go,2020-04-21T17:26:13Z
cld3,C++,2016-06-02T20:21:10Z
go-safeweb,Go,2020-05-19T08:30:35Z
sketch2ae,JavaScript,2017-05-23T17:03:26Z
safebrowsing,Go,2016-05-04T16:51:24Z
verible,C++,2019-11-07T00:04:47Z
voice-builder,JavaScript,2018-03-05T13:17:52Z
radioreceiver,JavaScript,2014-01-30T18:28:13Z
kf,Python,2019-04-30T18:34:38Z
mysql-ripple,C++,2019-01-25T22:45:38Z
active-qa,Python,2018-07-10T13:35:27Z
functional-objc,Objective-C,2018-01-19T02:49:58Z
godepq,Go,2016-07-01T16:18:50Z
vimscript-language-server,Rust,2020-08-04T08:22:47Z
google-api-ruby-client-samples,"",2013-06-19T23:07:43Z
security-research,"",2020-06-15T09:19:51Z
caliban,Python,2020-06-02T18:12:50Z
fplutil,Python,2014-10-13T21:31:41Z
revisiting-self-supervised,Python,2019-01-25T09:06:03Z
pepper.js,JavaScript,2013-09-30T15:24:47Z
music-synthesizer-for-android,Jupyter Notebook,2015-08-24T19:14:46Z
blueprint,Go,2015-03-04T20:43:50Z
node-h2-auto-push,TypeScript,2018-01-16T17:31:07Z
schema-dts,TypeScript,2018-11-29T21:45:45Z
vim-searchindex,Vim script,2015-10-13T23:03:16Z
randen,C++,2018-04-13T14:45:11Z
paco,Objective-C,2013-07-09T20:38:11Z
spherical-harmonics,C++,2015-08-10T19:07:28Z
multibox,"",2015-09-13T03:24:28Z
fchan-go,Go,2017-01-13T21:41:13Z
VoltAir,C++,2014-07-08T00:21:40Z
syzygy,C++,2014-09-03T23:55:02Z
google-api-objectivec-client,"",2015-08-11T19:21:32Z
docker-explorer,Python,2018-05-16T08:11:59Z
data-layer-helper,JavaScript,2013-07-17T20:20:30Z
etc2comp,C++,2016-09-14T17:41:21Z
libprotobuf-mutator,C++,2017-01-11T22:57:02Z
closure-stylesheets,Java,2014-04-28T20:51:38Z
openhtf,Python,2015-08-28T01:14:17Z
mechahamster,C#,2017-02-22T22:21:38Z
go-tpm,Go,2014-08-13T19:53:34Z
go-replayers,Go,2019-06-05T21:39:37Z
autofdo,C++,2014-04-01T22:37:47Z
addlicense,Go,2016-06-27T10:37:54Z
node-gles,C++,2018-10-30T17:31:35Z
closure-compiler-npm,JavaScript,2015-11-16T15:33:29Z
play-services-plugins,Java,2018-06-27T14:38:32Z
google-api-cpp-client,C++,2013-05-07T16:55:36Z
cauliflowervest,Python,2014-10-16T20:04:13Z
kratu,JavaScript,2013-03-04T22:52:33Z
grr-doc,Python,2014-02-20T17:46:08Z
stereo-magnification,Python,2018-10-09T18:16:50Z
zooshi,C++,2015-05-21T19:26:59Z
agi,Go,2020-01-25T00:59:50Z
patchfield,Java,2013-08-20T18:19:13Z
thread-weaver,Java,2014-10-07T23:01:49Z
google-visualization-issues,"",2015-05-09T14:17:29Z
import-mailbox-to-gmail,Python,2015-10-19T14:34:13Z
certificate-transparency-go,Go,2017-05-08T14:22:46Z
REAPER,C++,2014-12-22T23:30:40Z
gtest-parallel,Python,2014-05-15T16:13:51Z
cargo-raze,Rust,2018-02-12T15:30:52Z
transit,"",2015-07-15T18:03:46Z
talkback,Java,2015-09-24T14:12:33Z
huproxy,Go,2017-05-19T15:47:28Z
next-prediction,Python,2019-05-11T01:20:41Z
kmsan,C,2017-05-02T14:20:30Z
path-auditor,C++,2019-12-05T09:20:46Z
it-cert-automation-practice,Python,2019-12-17T19:04:12Z
riegeli,C++,2018-01-03T15:05:56Z
ffn,Python,2017-11-10T19:13:38Z
language-resources,C++,2015-09-09T19:59:20Z
gmail-oauth2-tools,Python,2015-05-12T19:47:23Z
vroom,Python,2014-02-24T21:00:11Z
EXEgesis,C++,2016-12-16T13:52:42Z
shipshape,Go,2015-01-21T21:16:07Z
vim-colorscheme-primary,Vim script,2015-04-22T21:56:07Z
password-alert,JavaScript,2015-03-17T16:21:27Z
kasan,"",2014-06-03T20:15:33Z
hat-backup,Rust,2014-08-27T19:08:49Z
highway,C++,2019-09-06T12:41:23Z
sagetv,Java,2015-08-07T20:37:14Z
wicked-good-xpath,JavaScript,2015-04-01T19:50:40Z
webauthndemo,Java,2017-06-09T17:49:49Z
pedantic,Dart,2018-08-20T16:53:34Z
react-schemaorg,TypeScript,2019-02-05T20:50:35Z
patents-public-data,Jupyter Notebook,2017-06-05T14:35:27Z
crc32c,C++,2017-08-04T17:15:20Z
Accessibility-Test-Framework-for-Android,Java,2015-09-12T00:49:01Z
pybadges,Python,2018-06-27T17:46:57Z
vulkan-cpp-library,C++,2016-04-04T19:51:46Z
llvm-propeller,C++,2019-09-09T17:16:49Z
licensecheck,Go,2019-04-15T23:50:20Z
safehtml,Go,2020-06-29T15:52:13Z
mentornet,Python,2018-08-13T16:40:50Z
corgi,C++,2015-11-11T16:27:21Z
ukip,Python,2020-02-26T17:31:51Z
qkeras,Python,2019-08-06T22:11:58Z
GTMAppAuth,Objective-C,2016-08-08T21:42:48Z
restor,Objective-C,2017-09-27T19:12:52Z
ot-crdt-papers,JavaScript,2017-02-17T23:17:33Z
vimdoc,Python,2014-03-17T18:12:29Z
pasta,Python,2017-11-28T22:48:53Z
in-silico-labeling,Python,2017-12-11T22:54:28Z
hilbert,Go,2015-08-06T15:50:00Z
iosched-ios,Swift,2018-05-25T18:10:33Z
mug,Java,2017-02-14T17:01:43Z
audion,JavaScript,2016-06-17T19:04:05Z
ml-metadata,C++,2019-01-15T21:02:09Z
burst-denoising,Python,2018-01-24T00:28:46Z
uncertainty-baselines,Python,2020-07-16T01:54:32Z
usd_from_gltf,C++,2019-07-19T20:26:52Z
built_collection.dart,Dart,2015-04-02T18:18:49Z
mail-importer,Java,2015-10-16T16:13:45Z
ksp,Kotlin,2020-09-22T18:59:42Z
portrait-shadow-manipulation,Jupyter Notebook,2020-05-19T18:03:44Z
reflectable.dart,Dart,2015-01-16T13:09:05Z
pawn,C++,2017-08-30T20:59:28Z
capsicum-linux,C,2013-10-03T14:41:35Z
kafel,C,2016-09-20T08:14:32Z
google-input-tools,JavaScript,2014-09-05T05:11:04Z
ml-fairness-gym,Python,2019-08-06T14:03:17Z
docsy-example,HTML,2018-10-15T20:44:11Z
neural-logic-machines,Python,2018-10-30T04:24:31Z
vector_math.dart,Dart,2013-04-12T19:46:07Z
instant-hangouts,JavaScript,2014-01-10T22:46:57Z
openrtb-doubleclick,Java,2014-07-01T23:03:43Z
gsocguides,CSS,2017-09-27T20:28:23Z
neural_rerendering_in_the_wild,Python,2019-06-27T22:08:14Z
blockly-samples,JavaScript,2019-08-01T22:15:35Z
myanmar-tools,Java,2017-11-02T23:32:31Z
android-emulator-hypervisor-driver-for-amd-processors,C,2019-11-11T22:04:08Z
python-gflags,Python,2015-03-13T06:52:53Z
starlark-rust,Starlark,2018-09-27T18:02:47Z
canvas-5-polyfill,JavaScript,2014-04-28T18:48:20Z
mysql-tools,Python,2014-10-15T20:24:21Z
cocoapods-size,Python,2018-08-22T14:34:10Z
containerregistry,Python,2017-03-09T17:22:40Z
fplbase,C++,2015-11-18T02:59:01Z
ipaddr-py,Python,2015-03-18T23:09:53Z
motive,C++,2015-04-09T00:32:46Z
goterm,Go,2015-10-19T16:53:09Z
licenseclassifier,Go,2017-04-10T03:45:47Z
perf_data_converter,C++,2016-09-21T20:00:54Z
marmot,Go,2017-08-10T18:51:08Z
classp,Bison,2015-03-12T00:19:53Z
ci_edit,Python,2017-05-24T18:00:36Z
go-licenses,Go,2019-11-12T10:37:11Z
uniflow-polymer,HTML,2016-12-01T17:36:31Z
GTXiLib,Objective-C,2018-03-20T21:07:29Z
tirg,Python,2019-04-11T19:04:35Z
fancy-regex,Rust,2017-01-13T19:46:21Z
tcp_killer,Python,2017-06-29T15:17:49Z
gnxi,Go,2017-09-26T08:19:41Z
gdata-objectivec-client,Objective-C,2015-04-21T20:50:07Z
python-subprocess32,Python,2015-11-13T15:32:09Z
der-ascii,Go,2016-02-11T01:04:24Z
supersonic,C++,2015-03-16T17:23:55Z
rust-shell,Rust,2018-02-28T03:10:59Z
grinder.dart,Dart,2013-10-01T16:14:32Z
libcxx,C++,2012-10-30T17:25:04Z
sparrowhawk,Shell,2016-04-27T12:45:46Z
kasane,Python,2018-05-22T15:41:37Z
encrypted-bigquery-client,Python,2015-02-11T23:38:57Z
deepboost,C++,2014-06-12T23:27:39Z
googletv-android-samples,Java,2012-07-16T19:34:08Z
csp-evaluator,JavaScript,2016-10-14T14:41:41Z
git-appraise-web,HTML,2016-06-07T01:00:07Z
node-sec-roadmap,JavaScript,2017-12-13T17:50:56Z
resumable-assert,C,2018-02-23T01:54:45Z
gwtmockito,Java,2013-05-07T21:27:35Z
loaner,Python,2018-03-28T20:33:06Z
science-journal-arduino,C,2016-04-11T18:14:16Z
cpp-from-the-sky-down,HTML,2018-08-15T19:59:21Z
sre_yield,Python,2014-02-13T00:53:19Z
detangle,JavaScript,2018-01-30T03:46:15Z
apis-client-generator,Python,2015-03-14T00:50:56Z
todo-tracks,Go,2014-12-08T16:58:55Z
vpn-reverse-tether,C,2013-09-17T22:26:12Z
shaka-player-embedded,C++,2018-10-31T20:55:25Z
charted,Dart,2014-07-29T21:57:22Z
dimsum,C++,2017-10-31T19:21:55Z
LiquidFunPaint,Java,2014-06-06T23:20:56Z
gtm-session-fetcher,Objective-C,2015-08-11T18:27:59Z
vae-seq,Python,2018-03-23T19:52:38Z
ctfscoreboard,Python,2016-06-02T16:44:22Z
autoparse,Ruby,2012-01-23T17:13:56Z
secrets-sync-action,TypeScript,2020-03-23T20:17:00Z
cloud-forensics-utils,Python,2020-02-04T12:54:51Z
go-attestation,Go,2019-03-28T19:42:16Z
chrome-ssh-agent,Go,2018-01-09T04:33:08Z
gwteventbinder,Java,2013-05-07T21:27:59Z
nsync,C,2017-03-11T02:51:04Z
turing-doodle,JavaScript,2014-09-03T23:47:44Z
inverting-proxy,Go,2017-08-04T16:57:41Z
new-project,"",2017-09-07T01:34:43Z
extra-keyboards-for-chrome-os,JavaScript,2014-01-21T16:38:51Z
play-instant-unity-plugin,C#,2018-05-18T18:28:57Z
google.github.io,HTML,2013-02-27T16:21:19Z
coursebuilder-core,Python,2014-08-25T19:08:42Z
open-vcdiff,C++,2014-09-05T17:26:03Z
crush-tools,Shell,2015-03-15T11:48:13Z
readahead,Go,2016-12-22T18:23:26Z
pindrop,C++,2015-04-06T19:54:36Z
uncertainty-metrics,Python,2020-05-20T15:01:35Z
vxsig,C++,2019-05-17T07:11:02Z
xpaf,C++,2014-08-29T18:38:08Z
shaderc-rs,Rust,2017-01-11T23:02:45Z
amber,C++,2018-11-13T22:00:36Z
redgrep,C++,2014-08-25T16:22:07Z
ffcc,MATLAB,2017-07-26T16:14:14Z
chicago-brick,JavaScript,2016-01-22T06:32:09Z
google-drive-shell-extension,C++,2015-03-25T19:58:55Z
kctf,Go,2020-02-24T20:07:56Z
llvm-bazel,Starlark,2020-07-23T21:46:12Z
tsviewdb,JavaScript,2013-09-16T18:35:45Z
exposure-notifications-verification-server,Go,2020-05-28T21:11:59Z
service-worker-detector,JavaScript,2017-05-16T09:22:04Z
maps-for-work-samples,"",2014-11-10T21:48:25Z
apitools,Python,2015-02-11T23:27:13Z
TrustScore,Jupyter Notebook,2018-09-03T16:23:29Z
gjstest,C++,2014-08-25T16:11:41Z
cluster-scheduler-simulator,Scala,2015-03-23T07:19:37Z
gdata-java-client,Java,2015-04-06T23:13:12Z
macops-planb,Objective-C,2015-10-08T18:45:18Z
x-amber,C,2020-08-28T01:20:59Z
inspectorspacetime,JavaScript,2017-05-23T17:03:00Z
crunchy,C++,2017-11-21T04:21:32Z
digitalbuildings,Python,2020-02-14T17:57:23Z
corpuscrawler,Python,2017-09-08T22:21:03Z
e3d_lstm,Python,2019-04-11T19:04:04Z
chromeos-filesystems,JavaScript,2014-08-12T20:31:22Z
knative-gcp,Go,2019-01-28T18:12:21Z
gcnn-survey-paper,Python,2019-12-18T17:40:33Z
stm32_bare_lib,C,2018-03-11T00:29:35Z
compact_enc_det,C++,2016-06-08T03:55:52Z
ihmehimmeli,C++,2019-07-29T17:04:29Z
eDistantObject,Objective-C,2018-05-31T17:22:32Z
exposure-notifications-internals,Java,2020-07-16T17:36:18Z
visqol,C++,2019-12-06T19:44:18Z
transperf,Python,2019-09-19T17:33:09Z
desugar_jdk_libs,Java,2018-03-13T20:51:09Z
google-visualization-python,Python,2015-05-05T18:26:03Z
prudaq,Eagle,2016-01-04T18:43:28Z
gtm-oauth2,Objective-C,2015-08-11T18:57:29Z
go-tika,Go,2017-10-02T18:43:16Z
php-crc32,PHP,2019-04-02T10:25:33Z
shaka-streamer,Python,2019-08-21T19:57:02Z
chartjs.dart,Dart,2015-11-16T19:48:56Z
xrtl,C++,2017-03-29T17:10:19Z
dart-neats,Dart,2019-03-22T08:43:13Z
js-green-licenses,TypeScript,2017-12-21T17:15:27Z
link022,Go,2017-10-09T16:45:02Z
tensorflow-recorder,Python,2020-07-24T15:54:26Z
ground-android,Java,2018-04-02T15:51:24Z
pytruth,Python,2017-06-13T20:05:30Z
minions,Go,2018-04-30T12:02:00Z
CodeCity,JavaScript,2016-12-04T06:36:37Z
mysql-protobuf,C++,2015-10-18T23:21:57Z
elemental2,Java,2017-05-17T22:39:36Z
oatts,JavaScript,2018-05-25T16:45:13Z
ldif,Python,2020-06-15T19:22:51Z
neper,C,2016-03-30T22:21:18Z
gae-secure-scaffold-python,Python,2014-08-27T19:21:51Z
vim-jsonnet,Vim script,2015-10-01T00:14:33Z
hyou,Python,2015-03-23T23:58:05Z
android-lint-performance-probe,Java,2019-04-03T19:59:33Z
tuple.dart,Dart,2017-06-06T15:36:01Z
breadboard,C++,2015-11-11T00:49:16Z
pg_page_verification,C,2018-02-07T20:21:15Z
python_portpicker,Python,2015-03-11T22:37:23Z
speaker-id,HTML,2018-10-05T15:16:17Z
amp-pwa-demo,JavaScript,2017-03-20T10:05:48Z
nsscache,Python,2014-05-27T16:57:00Z
bgu,C++,2016-10-17T20:49:35Z
Legilimency,Python,2017-10-03T15:22:45Z
vogon,JavaScript,2014-10-02T17:47:31Z
box2d.dart,Dart,2015-02-11T23:42:45Z
closure-linter,Python,2015-06-17T06:34:49Z
skia-buildbot,Go,2014-01-09T17:10:17Z
cronutils,C,2014-05-27T16:57:31Z
gonids,Go,2016-11-17T19:50:26Z
webview-local-server,Java,2015-01-27T23:42:45Z
CallBuilder,Java,2015-04-02T00:45:33Z
certificate-maker,JavaScript,2019-01-30T22:04:18Z
bi-tempered-loss,Python,2019-07-29T19:36:05Z
GiftStick,Python,2018-10-23T14:49:54Z
cordova-plugin-browsertab,Java,2016-06-07T03:17:05Z
gipfeli,C++,2014-01-21T16:58:45Z
ohmu,C++,2014-04-23T21:23:50Z
android-cuttlefish,Shell,2017-12-13T19:42:51Z
pixelvisualcorecamera,Java,2018-02-03T00:05:43Z
crmint,Python,2018-06-27T09:01:33Z
fleetspeak,Go,2017-11-21T15:38:49Z
haskell-indexer,Haskell,2017-05-27T05:39:45Z
rtc-video-quality,Python,2016-11-03T16:44:00Z
cluster-insight,Python,2015-03-20T16:12:03Z
render-timing-for-unity,C++,2017-08-23T16:46:05Z
pix-image-viewer,Rust,2019-05-01T00:20:28Z
webdriver.dart,Dart,2013-07-22T23:48:29Z
earthengine-community,Jupyter Notebook,2019-08-05T21:42:11Z
concatenate.js,JavaScript,2013-05-19T03:15:40Z
pprof-nodejs,JavaScript,2019-02-25T20:39:04Z
rekall-profiles,HTML,2014-05-20T11:57:48Z
ruy,C++,2020-01-27T17:50:05Z
capture-thread,C++,2017-04-19T16:13:03Z
simhospital,Go,2020-05-05T07:35:09Z
GSCXScanner,Objective-C,2019-02-27T22:10:27Z
importlab,Python,2018-02-28T18:40:33Z
url_diff,Python,2013-10-07T19:51:48Z
bazel-to-cmake,Python,2019-04-03T16:55:39Z
codeu_project_2017,Java,2017-02-28T01:42:01Z
shlex,Go,2015-05-28T14:38:34Z
election-au-2016,Go,2016-09-27T03:13:03Z
data-driven-discretization-1d,Jupyter Notebook,2018-03-01T17:36:01Z
starthinker,Python,2018-02-26T19:15:09Z
gofountain,Go,2014-07-29T16:00:41Z
go-intervals,Go,2017-10-18T00:54:10Z
zetasketch,Java,2019-05-23T17:10:53Z
bottlerocket,Scala,2017-12-28T17:10:36Z
node-fastify-auto-push,TypeScript,2018-01-16T17:31:24Z
ezgantt,JavaScript,2017-01-17T17:54:24Z
yang_vocoder,MATLAB,2017-01-02T10:32:11Z
testimony,Go,2015-04-10T14:15:02Z
html-quiz,JavaScript,2013-06-25T20:53:06Z
quic-trace,C++,2018-06-01T18:20:06Z
macops-keychainminder,Objective-C,2015-10-05T18:39:09Z
file.dart,Dart,2017-01-25T23:26:29Z
android-uiconductor,Java,2019-02-05T22:19:56Z
aistreamer,C++,2018-12-07T07:54:55Z
vim-syncopate,Vim script,2014-11-25T17:17:11Z
ios-chatbot,Objective-C,2017-05-23T23:36:49Z
cdep,Java,2017-03-13T22:29:59Z
dnsmasq_exporter,Go,2017-11-06T11:08:31Z
virtual-authenticators-tab,JavaScript,2019-11-06T21:47:08Z
neural-light-transport,Python,2020-08-13T01:16:26Z
statechart,C++,2018-05-01T19:55:57Z
android-emulator-m1-preview,"",2020-12-09T18:12:58Z
categorybuilder,Python,2018-05-17T22:39:40Z
making_with_ml,Jupyter Notebook,2020-06-14T23:03:34Z
paramgmt,Python,2014-08-13T17:42:32Z
page-timer,JavaScript,2014-02-10T16:46:28Z
pcbdl,Python,2019-04-03T20:29:46Z
depan,Java,2015-03-16T20:00:12Z
vim-coverage,Vim script,2015-04-20T14:05:05Z
vpn-libraries,C++,2020-10-15T20:05:04Z
embed-dart-vm,C++,2012-09-17T17:02:46Z
note-maps,Go,2019-05-01T19:50:09Z
vscode-bigquery,TypeScript,2018-10-16T17:19:35Z
flutter.plugins,Dart,2018-02-26T05:45:41Z
sawbuck,C++,2015-11-10T18:49:35Z
libkml,C++,2013-11-07T17:56:39Z
peoplemath,TypeScript,2019-02-22T17:48:01Z
web-starter-kit-extras,"",2014-08-12T16:00:39Z
minijail,"",2019-06-18T19:54:52Z
dart-tagtree,Dart,2014-02-14T23:51:30Z
rfmt,Python,2015-08-05T21:58:13Z
dart-gl,C++,2015-08-19T19:20:33Z
gvisor-containerd-shim,Go,2018-12-04T08:50:34Z
securemessage,C++,2015-03-12T00:16:35Z
play-licensing,Java,2016-07-30T02:01:18Z
web-audio-recognition,Jupyter Notebook,2017-12-21T02:42:25Z
cel-cpp,C++,2018-02-15T22:25:24Z
vim-glaive,Vim script,2013-12-06T23:28:52Z
gnostic-grpc,Go,2019-07-29T21:32:21Z
certificate-transparency-rfcs,Python,2014-05-22T17:15:59Z
access-bridge-explorer,C#,2016-02-29T17:56:59Z
dart-basics,Dart,2020-02-24T22:58:59Z
cap-library,HTML,2014-10-02T19:48:05Z
xctestrunner,Python,2017-09-08T02:37:43Z
file-system-stress-testing,C,2015-01-13T05:47:11Z
osdetector-gradle-plugin,Java,2015-03-26T22:18:38Z
vectorio,Go,2016-01-04T19:37:24Z
play-unity-plugins,C#,2020-03-18T03:20:25Z
java-photoslibrary,Java,2018-08-29T00:57:49Z
domaintest,Java,2014-06-19T17:52:23Z
fswalker,Go,2018-12-17T12:33:36Z
chatbase-node,JavaScript,2017-05-04T15:28:15Z
tpm-js,C++,2018-09-17T17:00:50Z
RED,MATLAB,2017-07-24T21:18:21Z
guava-beta-checker,Java,2017-11-06T17:15:40Z
java-thread-sanitizer,Java,2014-08-29T18:39:41Z
git-pull-request-mirror,Go,2016-02-04T22:42:29Z
google-drive-proxy,C#,2015-01-23T19:28:21Z
hashtable-benchmarks,Jupyter Notebook,2018-07-18T17:34:11Z
berrydb,C++,2017-06-21T16:44:58Z
microscopeimagequality,Python,2017-09-07T20:46:27Z
patrick,R,2018-08-06T17:22:00Z
lifetime_value,Jupyter Notebook,2019-12-17T18:59:42Z
layered-scene-inference,Python,2018-03-11T22:03:56Z
wikiloop-doublecheck,TypeScript,2019-04-10T18:35:37Z
code-review-bot,Go,2017-12-08T02:18:49Z
tensorstore,C++,2020-03-30T13:24:59Z
mono_repo.dart,Dart,2017-07-28T22:08:13Z
terminal-app-function-keys,Python,2015-11-05T02:02:34Z
oodle-demo,HTML,2018-03-27T01:49:29Z
play-work,Java,2015-02-27T01:48:31Z
image-compression,C++,2015-11-13T00:22:12Z
pytypedecl,Python,2013-12-03T23:11:13Z
lipsync,JavaScript,2020-07-02T00:27:48Z
security-crawl-maze,HTML,2019-05-24T08:31:10Z
acai,Java,2014-11-25T22:28:39Z
android-key-attestation,Java,2016-12-20T02:06:51Z
carfac,MATLAB,2013-07-18T16:28:12Z
voice-iot-maker-demo,JavaScript,2017-09-11T21:16:45Z
light-my-piano,Python,2016-01-05T07:03:42Z
simple-pedometer,Java,2014-10-07T22:59:09Z
app-resource-bundle,JavaScript,2014-10-07T22:27:32Z
googet,Go,2016-03-01T18:14:21Z
memcache-collections,Python,2013-09-10T15:15:09Z
infact,C++,2014-08-25T19:13:21Z
vim-codereview,Vim script,2016-02-29T18:25:18Z
jsinterop-generator,Java,2017-05-12T23:30:16Z
closure-builder,JavaScript,2015-11-25T19:00:10Z
GeoexperimentsResearch,R,2017-03-21T15:31:57Z
meterstick,Jupyter Notebook,2016-11-03T16:58:57Z
angular_cli,Dart,2017-09-26T05:12:44Z
ground-platform,TypeScript,2018-04-25T15:33:26Z
cuckoo-index,C++,2020-04-14T08:11:28Z
prometheus-slo-burn-example,Go,2019-05-28T21:35:40Z
streamy-dart,Dart,2013-06-17T22:31:11Z
gfw-deployments,Python,2013-09-18T17:44:34Z
systemjs,JavaScript,2014-01-28T17:13:29Z
devtoolsExtended,JavaScript,2013-01-02T18:40:19Z
szl,C++,2015-03-16T20:47:16Z
effcee,C++,2017-04-21T21:24:53Z
google-id-token,Ruby,2015-12-04T22:33:03Z
go-tpm-tools,C,2018-12-16T07:10:09Z
uri.dart,Dart,2013-07-09T21:15:44Z
weasel,Go,2015-12-31T10:09:17Z
chatbase-python,Python,2017-08-13T17:04:51Z
protorpc,Python,2014-12-17T16:14:30Z
audio-sync-kit,Python,2018-05-14T23:09:26Z
ansicolor-dart,Dart,2013-07-15T18:44:24Z
magic-github-proxy,Python,2018-11-29T23:06:32Z
abstracttext,JavaScript,2020-04-27T21:13:10Z
codemirror.dart,Dart,2014-10-13T21:25:47Z
typedoc-neo-theme,HTML,2019-02-12T00:29:54Z
prefab,Kotlin,2019-11-01T19:02:56Z
fscryptctl,C,2017-07-05T23:54:20Z
beautiful-audio-editor,JavaScript,2016-10-20T03:12:22Z
schemaorg-java,Java,2016-05-12T19:08:04Z
OctoPrint-LEDStripControl,Python,2017-03-10T20:21:34Z
pyu2f,Python,2017-02-01T17:54:11Z
rust_icu,Rust,2019-11-14T04:28:41Z
go-webdav,Go,2014-10-29T15:39:52Z
strabo,Elixir,2015-10-13T17:32:55Z
bazel-common,Starlark,2018-02-28T16:25:09Z
dpy,Python,2013-07-19T02:51:39Z
citest,Python,2015-08-10T18:04:21Z
energysimulation,Jupyter Notebook,2017-08-10T20:49:07Z
ads-privacy,"",2020-04-29T16:01:04Z
navc,Go,2015-05-06T17:15:34Z
simple-reinforcement-learning,Python,2017-01-10T06:23:23Z
graph_distillation,Python,2019-01-29T22:16:36Z
slo-generator,Python,2020-09-25T09:08:42Z
go-flow-levee,Go,2020-04-28T23:25:29Z
rpmpack,Go,2019-02-06T02:11:12Z
eventid-js,TypeScript,2017-03-04T16:38:26Z
gpu-emulation-stress-test,C++,2017-12-13T18:38:30Z
jsinterop-base,Java,2017-11-10T19:19:52Z
winops,Go,2016-03-21T14:36:40Z
rust-multihash,Rust,2015-04-22T19:43:54Z
sshkey-audit,Go,2018-03-13T16:19:17Z
gtm-http-fetcher,Objective-C,2015-04-16T00:24:51Z
uninum,"",2019-09-15T21:10:26Z
identity-toolkit-go-client,Go,2014-09-30T00:40:58Z
pagespeed-inslides,JavaScript,2017-07-27T08:04:10Z
scene_lab,C++,2015-10-08T22:21:48Z
mawfs,Go,2016-05-19T18:02:52Z
Refaster,Java,2014-02-21T20:14:01Z
arithmancer,Python,2017-02-13T20:24:16Z
goldfinch,"",2016-09-15T18:28:25Z
squidwarden,Go,2016-08-15T16:37:38Z
indexable-pwa-samples,JavaScript,2016-11-08T02:43:19Z
horenso,Perl,2016-02-22T19:59:22Z
credstore,Go,2017-05-24T18:38:07Z
network-mapper,Python,2013-09-04T19:15:15Z
AndroidForegroundCompat,Java,2019-10-12T03:04:10Z
night-sight,"",2019-08-23T17:43:33Z
jws,Python,2018-06-15T15:53:21Z
anvil-build,Python,2012-04-09T20:09:24Z
php-photoslibrary,PHP,2018-09-04T05:34:19Z
cpp-frp,C++,2017-01-13T10:23:52Z
rich-test-results,Java,2014-10-23T14:15:18Z
sensei,C++,2015-05-29T16:14:28Z
text2text,Python,2017-04-05T12:59:10Z
ced,C++,2017-11-16T22:38:02Z
linear-book-scanner,Python,2014-09-03T23:52:44Z
pyrios,Go,2014-06-27T18:24:37Z
chained-promise,TypeScript,2016-01-04T22:03:13Z
java-monitoring-client-library,Java,2017-12-13T17:22:46Z
wasserstein-dist,Python,2017-09-15T07:56:22Z
libgep,C++,2016-01-29T00:16:42Z
vim-ft-go,Vim script,2014-08-18T14:56:37Z
platform.dart,Dart,2017-02-08T17:46:57Z
trillian-examples,Go,2018-01-27T09:43:35Z
easybundler,Java,2017-03-01T00:07:43Z
ghc-source-gen,Haskell,2019-07-09T20:51:54Z
spectral-density,Python,2019-03-20T19:23:28Z
picview-for-android,Java,2014-11-20T17:40:40Z
cyanobyte,Python,2019-03-15T03:28:09Z
freebase-wikidata-converter,PHP,2015-09-30T17:33:54Z
makerspace-auth,Python,2017-01-24T17:19:08Z
tuneup.dart,Dart,2014-12-17T16:27:06Z
walk,C,2019-09-19T14:08:38Z
quickshift,C++,2018-03-20T20:13:59Z
generativemloncloud,Python,2017-08-30T17:11:09Z
shell-encryption,C++,2017-09-05T16:51:23Z
mlir-npcomp,"",2020-04-29T17:25:04Z
digitalassetlinks,PureBasic,2015-09-02T20:10:29Z
dotty,Python,2015-07-06T15:02:49Z
nginx-sxg-module,C,2019-10-03T01:40:18Z
account-provisioning-for-google-apps,Java,2015-06-19T23:12:46Z
mako,C++,2019-07-30T18:10:47Z
blockly-devtools,JavaScript,2017-05-26T18:10:23Z
wear-sensors,Java,2015-08-04T00:30:37Z
mt,C++,2017-04-18T23:09:25Z
universal-dash-transmuxer,C++,2014-10-15T20:46:09Z
python-fanotify,C,2015-10-22T00:32:06Z
dana,JavaScript,2017-11-18T03:11:39Z
irrduino,Processing,2015-03-13T05:08:22Z
gumbel_sinkhorn,Python,2017-09-18T18:50:09Z
abpackage,R,2017-05-19T15:38:35Z
go-tspi,Go,2015-11-10T21:22:07Z
safe-html-types,Java,2016-01-25T14:21:36Z
TextNormalizationCoveringGrammars,Makefile,2017-02-27T14:57:47Z
emoji4unicode,Python,2015-06-02T20:15:19Z
font-go,Go,2016-08-12T23:57:18Z
pkcs11test,C++,2014-11-06T16:19:26Z
unsmear,C++,2019-06-21T21:36:13Z
slowfs,Go,2016-07-20T05:19:56Z
go-cmdtest,Go,2019-09-03T16:02:51Z
helloargdx,Java,2017-11-03T22:08:52Z
differentiable-atomistic-potentials,Python,2018-01-23T19:31:50Z
macops-MOMenu,Objective-C,2016-02-29T22:02:56Z
tock-on-titan,Rust,2018-11-19T19:31:20Z
google-my-business-samples,JavaScript,2019-08-20T20:46:35Z
go-dap,Go,2019-11-19T20:36:30Z
forcefield,Gosu,2014-08-06T21:20:51Z
cloud-cup-android,Java,2015-02-21T03:19:53Z
piex,C++,2016-01-04T18:24:00Z
json5format,Rust,2020-04-22T18:45:13Z
blue-green-deployment-controller,Go,2018-03-05T22:21:13Z
dart2java,Java,2016-09-26T19:54:38Z
sensor-data-collection-library,Java,2014-10-07T23:00:04Z
libnss-cache,C,2014-05-27T16:55:16Z
pull-request-mailer,Haskell,2014-09-12T14:36:51Z
autopiper,C++,2014-10-08T22:33:47Z
cppdap,C++,2019-11-08T21:57:13Z
deluca,Python,2020-12-10T00:28:02Z
slothfs,Go,2016-07-07T14:09:50Z
hrepl,Haskell,2020-01-06T21:04:42Z
gpu-mux,Python,2018-07-24T20:31:27Z
web-activities,JavaScript,2017-12-05T18:32:48Z
qpp,JavaScript,2012-09-10T18:02:58Z
cpp-async-rpc,C++,2019-05-30T22:20:08Z
osqp-cpp,C++,2020-08-04T18:32:04Z
mcafp,Python,2016-12-09T08:10:27Z
vulkan_test_applications,C++,2017-06-14T18:32:23Z
tiff,Go,2013-09-11T19:05:45Z
geovelo,JavaScript,2016-10-18T15:58:40Z
dorusu-js,JavaScript,2016-04-26T17:58:50Z
mysql,C++,2015-12-28T02:52:19Z
usbinfo,Python,2015-09-17T22:23:46Z
web-api-gateway,Go,2018-09-24T22:06:10Z
ngx_token_binding,C,2016-11-14T04:00:10Z
favcolor-android,Java,2014-01-23T21:54:20Z
observable,Dart,2016-09-23T20:00:28Z
tflow2,Go,2017-02-24T19:54:50Z
googlecrisismap,JavaScript,2015-06-18T16:09:28Z
libsxg,C,2019-08-15T00:34:03Z
dart-json_diff,Dart,2014-11-11T18:28:47Z
amt-forensics,Python,2017-10-16T21:53:19Z
binplist,Python,2015-04-01T22:00:04Z
multichannel-audio-tools,C++,2018-01-16T18:31:26Z
detectorgraph,C++,2018-05-15T16:21:07Z
appengine-codiad,JavaScript,2015-08-21T21:59:55Z
github-owners-bot,JavaScript,2016-11-03T21:21:06Z
wwgc,JavaScript,2015-03-23T21:02:10Z
kiwi-solver,Java,2017-01-25T19:27:46Z
compare-codecs,Python,2014-12-08T16:42:21Z
monologue,Go,2018-02-27T16:56:10Z
astc-codec,C++,2018-07-06T17:19:30Z
chrome-language-immersion,JavaScript,2014-06-16T22:27:37Z
cabal2bazel,Starlark,2018-05-03T05:35:22Z
tcpauth,C,2016-02-05T13:18:33Z
cog,Python,2018-01-03T19:42:45Z
capsicum-test,C++,2013-10-03T14:41:46Z
python-lakeside,Python,2018-03-13T20:31:40Z
slowjam,HTML,2020-04-23T20:49:00Z
devx-tools,Go,2019-02-13T04:26:53Z
orchestra,Python,2019-01-23T09:28:34Z
TouchTime,Java,2014-12-09T17:52:08Z
applied-machine-learning-intensive,Jupyter Notebook,2019-08-27T20:32:26Z
paper-gui,HTML,2016-05-05T22:13:13Z
ndash,C++,2017-04-19T15:45:12Z
gulava,Java,2016-02-10T00:52:20Z
GL-Shader-Validator,Python,2012-09-10T18:00:49Z
pageloader,Dart,2014-09-10T05:01:45Z
nvidia_libs_test,C++,2018-02-28T20:36:53Z
ruby-openid-apps-discovery,Ruby,2012-01-23T17:09:03Z
identity-toolkit-java-client,Java,2014-09-12T17:28:10Z
protobuf-dt,Java,2016-05-12T16:39:52Z
jarjar,Java,2018-02-09T18:45:56Z
stijl,JavaScript,2016-07-07T02:54:23Z
opencasebook,Ruby,2018-03-07T08:18:19Z
aiyprojects-deeplearn-tensorflow,TypeScript,2018-01-13T22:34:47Z
synthmark,C++,2018-04-12T16:10:18Z
image-rebase,Go,2018-03-07T23:56:04Z
